{"schema_version":1,"quilt_loader":{"group":"com.modrinth","id":"mr_tough_asnailsvanillapack","version":"1.0.0","metadata":{"name":"Tough As Nails - Vanilla Pack","description":"Adds vanilla items to TaN tags.","contributors":{"n643064":"Member"},"contact":{"homepage":"https://modrinth.com/datapack/tough-as-nails-vanilla-pack"},"icon":"tough-as-nails-vanilla-pack_pack.png"},"intermediate_mappings":"net.fabricmc:intermediary","depends":[{"id":"quilt_resource_loader","versions":"*","unless":"fabric-resource-loader-v0"}]}}